id,first_name,last_name,email,gender,ip_address
1,Isiahi,Leer,ileer0@wordpress.org,Male,184.154.136.211
2,Roby,Kropp,rkropp1@cocolog-nifty.com,Female,72.79.8.249
3,Bryon,Schild,bschild2@forbes.com,Genderqueer,80.114.70.34
4,Karyl,Ather,kather3@europa.eu,Female,218.180.173.133
5,Shelia,Pitkethly,spitkethly4@blog.com,Bigender,49.103.250.131
6,Fairfax,Gethyn,fgethyn5@fda.gov,Male,77.158.255.252
7,Dukey,O' Neligan,doneligan6@wired.com,Male,144.131.59.43
8,Karoly,Jenteau,kjenteau7@nsw.gov.au,Bigender,186.131.161.242
9,Joshua,Boake,jboake8@kickstarter.com,Male,254.92.185.34
10,Jerrilee,Klas,jklas9@nih.gov,Female,26.251.148.199
11,Rab,Ivanenko,rivanenkoa@liveinternet.ru,Male,146.91.202.127
12,Noah,Cowx,ncowxb@yale.edu,Male,178.159.172.12
13,Gena,Malser,gmalserc@weather.com,Female,54.114.50.155
14,Teodorico,Geerdts,tgeerdtsd@apple.com,Male,131.250.190.144
15,Analiese,Bromage,abromagee@ox.ac.uk,Female,232.177.183.32
16,Sheri,Sposito,sspositof@hexun.com,Female,238.96.39.128
17,Costa,Rayhill,crayhillg@sina.com.cn,Male,115.95.237.73
18,Marylynne,Mosen,mmosenh@dion.ne.jp,Female,211.148.11.110
19,Emlyn,Gathercole,egathercolei@springer.com,Male,113.211.20.22
20,Robin,Concannon,rconcannonj@latimes.com,Female,34.101.119.53
21,Deeanne,Stean,dsteank@webnode.com,Agender,139.131.68.135
22,Stacee,Iacovucci,siacovuccil@alibaba.com,Male,62.240.40.206
23,Adolph,Boyton,aboytonm@bloglovin.com,Non-binary,239.51.89.135
24,Lew,Diment,ldimentn@buzzfeed.com,Male,203.28.13.123
25,Bonnie,Given,bgiveno@loc.gov,Polygender,83.212.36.154
26,Arlie,Medler,amedlerp@bloomberg.com,Female,8.163.75.242
27,Willi,Toffts,wtofftsq@i2i.jp,Male,0.203.35.90
28,Evaleen,Holtham,eholthamr@devhub.com,Female,58.220.132.138
29,Isabeau,Gimbart,igimbarts@exblog.jp,Female,87.148.68.92
30,Hamid,Cruttenden,hcruttendent@mtv.com,Male,200.155.192.116
31,Datha,Domke,ddomkeu@yolasite.com,Female,54.202.41.156
32,Fidelity,Grieves,fgrievesv@wunderground.com,Female,128.15.127.105
33,Vale,Kettles,vkettlesw@webs.com,Female,18.74.18.163
34,Sawyer,Farnish,sfarnishx@ihg.com,Polygender,159.12.230.194
35,Taffy,Mularkey,tmularkeyy@nsw.gov.au,Female,233.238.213.85
36,Carrissa,Broadley,cbroadleyz@1und1.de,Female,143.47.191.138
37,Hurleigh,Hiddsley,hhiddsley10@mozilla.com,Male,177.165.51.244
38,Dolli,Lewerenz,dlewerenz11@arizona.edu,Female,214.234.217.231
39,Chiarra,Whifen,cwhifen12@multiply.com,Female,90.174.229.22
40,Janette,Ickowicz,jickowicz13@illinois.edu,Female,49.62.3.195
41,Quinlan,Rowlin,qrowlin14@xing.com,Male,225.131.5.111
42,Celestina,Gate,cgate15@google.ca,Female,29.46.142.240
43,Krystle,Housby,khousby16@wix.com,Female,60.189.71.33
44,Mic,Boswood,mboswood17@macromedia.com,Male,249.87.247.138
45,Davida,Raeburn,draeburn18@washingtonpost.com,Female,192.212.36.111
46,Nikola,Domange,ndomange19@usgs.gov,Polygender,70.202.240.189
47,Alexandre,Feuell,afeuell1a@g.co,Male,182.91.222.49
48,Ring,Plet,rplet1b@java.com,Male,128.191.244.248
49,Ramsey,Newart,rnewart1c@home.pl,Male,189.158.190.192
50,Clayton,Confort,cconfort1d@dmoz.org,Male,159.14.149.20
51,Paddy,Oddboy,poddboy1e@so-net.ne.jp,Male,25.134.131.225
52,Vivyanne,Emm,vemm1f@usda.gov,Female,237.6.195.66
53,Josselyn,Rosenfarb,jrosenfarb1g@typepad.com,Female,53.241.22.199
54,Kanya,Doveston,kdoveston1h@zdnet.com,Female,11.109.173.72
55,Dewey,Rickesies,drickesies1i@ucoz.com,Male,251.29.220.207
56,Page,Fernehough,pfernehough1j@artisteer.com,Female,252.194.138.52
57,Sylvia,Stroban,sstroban1k@kickstarter.com,Female,110.198.207.153
58,Rad,Fey,rfey1l@google.co.uk,Male,114.87.125.18
59,Knox,Hayhurst,khayhurst1m@webs.com,Male,188.95.92.6
60,Bryna,Whisker,bwhisker1n@wufoo.com,Female,143.198.95.101
61,Kenny,Withringten,kwithringten1o@cnet.com,Male,113.96.97.11
62,Lyell,Fibbings,lfibbings1p@prweb.com,Male,92.105.97.179
63,Marguerite,Deme,mdeme1q@huffingtonpost.com,Female,17.180.77.54
64,Hollyanne,Borgnol,hborgnol1r@facebook.com,Female,12.230.222.141
65,Stanfield,Tampen,stampen1s@cbsnews.com,Male,15.247.77.92
66,Reynold,Kuzemka,rkuzemka1t@yahoo.co.jp,Male,28.158.49.30
67,Urbain,Howarth,uhowarth1u@shop-pro.jp,Male,170.56.189.101
68,Bari,Dellow,bdellow1v@hud.gov,Female,86.9.143.221
69,Nil,Tollfree,ntollfree1w@hexun.com,Male,115.155.19.0
70,Barbie,Newbigging,bnewbigging1x@time.com,Non-binary,165.223.219.116
71,Quincey,Bradnocke,qbradnocke1y@biblegateway.com,Male,152.179.110.172
72,Vaughn,Ferreiro,vferreiro1z@latimes.com,Male,0.198.24.157
73,Arden,Missenden,amissenden20@fotki.com,Female,126.159.154.67
74,Verine,Hiscoe,vhiscoe21@webmd.com,Female,41.136.58.17
75,Cele,Belloch,cbelloch22@dion.ne.jp,Non-binary,225.183.166.138
76,Patrick,Welsh,pwelsh23@slashdot.org,Male,19.61.90.144
77,Rob,Lydiatt,rlydiatt24@arizona.edu,Male,200.28.34.6
78,Lissie,Tilzey,ltilzey25@bbb.org,Female,20.44.136.249
79,Roddie,Caslin,rcaslin26@imdb.com,Male,208.25.8.62
80,Arie,Fitzharris,afitzharris27@g.co,Male,208.146.197.169
81,Dorie,Laxson,dlaxson28@wikimedia.org,Female,208.168.174.223
82,Suzy,Wiggington,swiggington29@marketwatch.com,Polygender,93.36.233.4
83,Baird,De Vuyst,bdevuyst2a@howstuffworks.com,Male,80.154.184.251
84,Calv,Simchenko,csimchenko2b@redcross.org,Male,146.225.182.73
85,Rhea,Hammerson,rhammerson2c@yellowbook.com,Female,8.19.20.131
86,Yolanthe,Heeron,yheeron2d@ucoz.ru,Female,254.17.232.216
87,Maura,McComish,mmccomish2e@hostgator.com,Female,255.186.151.55
88,Francklin,Yeates,fyeates2f@oracle.com,Male,1.104.183.178
89,Ignaz,Bourget,ibourget2g@eepurl.com,Male,233.10.83.230
90,Gustav,Vinau,gvinau2h@indiegogo.com,Male,159.123.167.16
91,Kenton,Henrionot,khenrionot2i@berkeley.edu,Male,219.70.95.96
92,Fielding,Beesley,fbeesley2j@parallels.com,Male,185.91.243.228
93,Annemarie,Hollebon,ahollebon2k@qq.com,Polygender,145.105.91.40
94,Suzie,Faichney,sfaichney2l@ibm.com,Female,57.54.22.202
95,Blayne,Brafferton,bbrafferton2m@last.fm,Male,129.71.224.106
96,Opaline,O'Hoolahan,oohoolahan2n@who.int,Female,125.185.30.194
97,Pietra,Worsall,pworsall2o@e-recht24.de,Female,2.244.255.52
98,Neron,Bracegirdle,nbracegirdle2p@columbia.edu,Male,203.12.122.239
99,Pepito,Zarfat,pzarfat2q@sfgate.com,Polygender,129.115.21.244
100,Jaime,Feldmesser,jfeldmesser2r@barnesandnoble.com,Male,124.41.14.88
101,Slade,Pembry,spembry2s@mtv.com,Male,249.111.183.130
102,Veriee,Winterson,vwinterson2t@wsj.com,Female,62.139.156.177
103,Jerrilee,Rentoul,jrentoul2u@japanpost.jp,Female,191.56.157.135
104,Garreth,Kwiek,gkwiek2v@comcast.net,Male,56.248.104.222
105,Emmalynn,Ciobutaru,eciobutaru2w@wix.com,Female,235.229.163.163
106,Dame,Devericks,ddevericks2x@bloomberg.com,Male,26.162.210.235
107,Denice,Foxten,dfoxten2y@last.fm,Female,13.19.75.89
108,Winthrop,Bligh,wbligh2z@comcast.net,Male,227.126.210.5
109,Hastie,Duthie,hduthie30@house.gov,Male,29.76.78.62
110,Cly,Deverock,cdeverock31@flavors.me,Male,92.32.244.116
111,Gale,Wyke,gwyke32@umich.edu,Male,63.243.193.83
112,Emelina,Daelman,edaelman33@ucsd.edu,Female,174.230.127.86
113,Lauralee,Mariet,lmariet34@nsw.gov.au,Female,39.199.197.209
114,Jacenta,Lidgley,jlidgley35@blogs.com,Female,106.218.70.153
115,Zedekiah,Rutherfoord,zrutherfoord36@xrea.com,Male,226.168.242.165
116,Modestine,Sherrett,msherrett37@studiopress.com,Female,250.74.87.178
117,Tadd,Reglar,treglar38@hexun.com,Male,166.61.82.27
118,Dennis,Linacre,dlinacre39@theguardian.com,Male,73.150.222.123
119,Geralda,Joskowicz,gjoskowicz3a@washington.edu,Genderfluid,133.209.186.168
120,Meredith,Barbrick,mbarbrick3b@drupal.org,Male,88.235.143.125
121,Beale,Capstack,bcapstack3c@google.co.uk,Male,55.159.100.249
122,Gretna,Highway,ghighway3d@redcross.org,Polygender,147.166.219.168
123,Randy,Kemson,rkemson3e@mozilla.org,Male,221.62.72.121
124,Christoffer,Hackford,chackford3f@miitbeian.gov.cn,Male,250.75.19.44
125,Brandy,Woodyeare,bwoodyeare3g@nps.gov,Female,90.3.55.35
126,Filip,Longthorn,flongthorn3h@ted.com,Male,63.182.160.59
127,Margie,Grinvalds,mgrinvalds3i@ning.com,Female,153.138.236.71
128,Maggee,Derrick,mderrick3j@amazon.com,Female,148.56.25.112
129,Lexy,Swindells,lswindells3k@harvard.edu,Female,46.185.255.84
130,Vlad,Zanetto,vzanetto3l@netscape.com,Male,190.240.244.80
131,Vassili,Asch,vasch3m@facebook.com,Male,243.171.210.19
132,Pepe,Josephoff,pjosephoff3n@domainmarket.com,Male,72.160.231.203
133,Izzy,Nesterov,inesterov3o@ihg.com,Male,180.148.199.35
134,Callie,Blackah,cblackah3p@walmart.com,Female,98.75.114.109
135,Hildegaard,Helliar,hhelliar3q@xing.com,Female,129.100.192.231
136,Graig,Debold,gdebold3r@ucsd.edu,Male,129.111.95.183
137,Harwilll,Tchaikovsky,htchaikovsky3s@domainmarket.com,Male,115.170.168.229
138,Aundrea,Batchellor,abatchellor3t@networkadvertising.org,Female,46.199.105.243
139,Reade,Tolman,rtolman3u@w3.org,Male,24.34.96.42
140,Pier,Rollo,prollo3v@sfgate.com,Female,104.133.179.154
141,Hort,Kleinhausen,hkleinhausen3w@icq.com,Non-binary,138.148.176.55
142,Allina,Hammill,ahammill3x@accuweather.com,Female,15.150.224.228
143,Kristo,Robbey,krobbey3y@loc.gov,Male,111.23.8.159
144,Pamella,McKimmie,pmckimmie3z@slashdot.org,Female,41.239.220.249
145,Salomi,Chantree,schantree40@4shared.com,Genderqueer,187.61.202.210
146,Hollis,Benninger,hbenninger41@themeforest.net,Male,212.106.154.172
147,Rosalinde,Muff,rmuff42@house.gov,Female,23.15.162.213
148,Padraic,Richens,prichens43@yandex.ru,Male,169.200.151.224
149,Antin,Dunston,adunston44@nature.com,Male,7.105.194.94
150,Clemmie,Bullar,cbullar45@mediafire.com,Male,109.132.64.31
151,Rosco,Ketchell,rketchell46@wikimedia.org,Male,241.135.184.56
152,Christa,Phythien,cphythien47@ca.gov,Female,49.159.188.196
153,Nora,Ubach,nubach48@oaic.gov.au,Female,21.47.136.56
154,Sandy,Silversmid,ssilversmid49@wikimedia.org,Male,52.41.114.202
155,Jodi,Ounsworth,jounsworth4a@loc.gov,Female,79.117.187.176
156,Sydney,Paulack,spaulack4b@engadget.com,Male,6.194.29.123
157,Emlynn,Gallone,egallone4c@wordpress.org,Female,174.97.120.1
158,Cindee,Palley,cpalley4d@earthlink.net,Female,113.190.87.224
159,Franklin,Rizzardo,frizzardo4e@163.com,Male,229.98.75.203
160,Deny,Glisenan,dglisenan4f@reference.com,Female,47.46.6.26
161,Danie,Ughi,dughi4g@networksolutions.com,Male,208.106.3.255
162,Margaux,Tanswell,mtanswell4h@google.com.au,Female,52.86.121.149
163,Elinor,De Maria,edemaria4i@washingtonpost.com,Female,26.106.91.131
164,Frederico,Bezemer,fbezemer4j@globo.com,Male,9.45.52.192
165,May,Steventon,msteventon4k@unicef.org,Female,168.69.191.118
166,Ruthann,Cooksey,rcooksey4l@amazon.de,Female,120.69.45.139
167,Angelle,Stillwell,astillwell4m@vkontakte.ru,Female,118.241.248.97
168,Theodore,Mcsarry,tmcsarry4n@google.co.uk,Male,47.61.149.113
169,Livvie,Cail,lcail4o@blogtalkradio.com,Female,92.229.219.60
170,Nowell,Sussans,nsussans4p@deliciousdays.com,Male,180.128.240.145
171,Quinta,Davidzon,qdavidzon4q@about.com,Female,210.174.233.17
172,Katherine,Struther,kstruther4r@dagondesign.com,Female,62.251.236.165
173,Laurie,Floch,lfloch4s@paginegialle.it,Male,7.172.127.202
174,Dominique,Prandy,dprandy4t@answers.com,Male,48.63.152.122
175,Laird,Goschalk,lgoschalk4u@etsy.com,Male,192.207.114.244
176,Matilde,Bridgett,mbridgett4v@google.com,Genderqueer,187.229.247.11
177,Immanuel,Crammy,icrammy4w@reddit.com,Male,2.227.145.66
178,Thornie,Michel,tmichel4x@about.com,Male,141.34.236.160
179,Dario,Dust,ddust4y@oakley.com,Male,159.85.112.145
180,Avictor,Lygoe,alygoe4z@goo.gl,Male,57.50.17.34
181,Kissee,Ansill,kansill50@answers.com,Female,35.36.170.49
182,Issy,Howen,ihowen51@berkeley.edu,Female,2.234.128.137
183,Sloan,Salling,ssalling52@walmart.com,Male,16.179.113.56
184,Farlee,Tinson,ftinson53@wufoo.com,Male,100.109.37.171
185,Armstrong,Crinidge,acrinidge54@yahoo.co.jp,Male,190.230.41.14
186,Sileas,Bugdell,sbugdell55@tripadvisor.com,Female,70.88.52.83
187,Conroy,Valti,cvalti56@psu.edu,Male,215.127.177.41
188,Jilleen,Strephan,jstrephan57@walmart.com,Female,134.41.173.70
189,Neila,Cappineer,ncappineer58@webmd.com,Female,143.239.7.219
190,Vail,Fenkel,vfenkel59@nydailynews.com,Male,239.247.53.214
191,Bobbye,Pragnall,bpragnall5a@twitpic.com,Female,24.128.252.166
192,Erminia,Franck,efranck5b@arizona.edu,Female,202.47.245.52
193,Myca,Haime,mhaime5c@mediafire.com,Male,155.227.140.157
194,Arthur,Flaws,aflaws5d@wikipedia.org,Male,232.169.175.188
195,Neill,Guard,nguard5e@twitter.com,Male,248.162.207.97
196,Sara,Curl,scurl5f@booking.com,Female,70.186.225.122
197,Amabel,Ivashkov,aivashkov5g@amazonaws.com,Female,28.208.231.40
198,Dannie,Pomery,dpomery5h@wordpress.com,Female,214.47.173.30
199,Rosco,Marguerite,rmarguerite5i@elpais.com,Male,235.167.65.225
200,Tanitansy,Hallut,thallut5j@merriam-webster.com,Female,235.25.92.213
201,Bord,Ricardou,bricardou5k@netvibes.com,Male,124.50.122.117
202,Perry,Bellelli,pbellelli5l@statcounter.com,Agender,12.25.244.56
203,Husain,Blakely,hblakely5m@umich.edu,Male,49.159.152.197
204,Dagmar,Creber,dcreber5n@wp.com,Female,45.38.120.137
205,Emmy,Allibone,eallibone5o@edublogs.org,Male,112.188.252.218
206,Allard,Van Der Vlies,avandervlies5p@infoseek.co.jp,Male,208.55.56.90
207,Kristos,Usmar,kusmar5q@phpbb.com,Male,110.247.243.196
208,Loralee,Byron,lbyron5r@addtoany.com,Female,62.141.53.84
209,Durant,Kingswood,dkingswood5s@acquirethisname.com,Male,149.45.161.72
210,Philippine,Matterson,pmatterson5t@cloudflare.com,Female,226.192.225.115
211,Derwin,Tyres,dtyres5u@guardian.co.uk,Male,79.112.167.118
212,Rem,Loachhead,rloachhead5v@twitpic.com,Male,68.83.35.105
213,Inesita,Missenden,imissenden5w@marketwatch.com,Female,52.187.188.157
214,Currey,Morpeth,cmorpeth5x@telegraph.co.uk,Male,219.186.78.101
215,Cristin,Coase,ccoase5y@free.fr,Female,61.27.183.98
216,Mikey,Whibley,mwhibley5z@reddit.com,Male,20.51.218.138
217,Kareem,Baynes,kbaynes60@marketwatch.com,Male,28.139.217.188
218,Bernelle,Poundford,bpoundford61@about.me,Female,50.152.88.201
219,Devlen,Godden,dgodden62@apache.org,Male,26.39.105.178
220,Alano,Berzon,aberzon63@earthlink.net,Male,112.96.154.123
221,Gertrudis,Wantling,gwantling64@lulu.com,Female,53.255.66.115
222,Eugene,Itzkovwitch,eitzkovwitch65@nbcnews.com,Male,80.106.91.55
223,Danna,Eaton,deaton66@forbes.com,Female,226.201.113.66
224,Elise,Giannini,egiannini67@ask.com,Female,45.251.217.128
225,Rica,Connock,rconnock68@java.com,Female,137.50.223.58
226,Derrick,MacEllen,dmacellen69@timesonline.co.uk,Male,180.21.176.145
227,Bent,Levet,blevet6a@ow.ly,Male,136.94.163.187
228,Eleanore,Maysor,emaysor6b@blogspot.com,Female,221.8.20.120
229,Reid,Braunds,rbraunds6c@gmpg.org,Male,33.180.48.227
230,Kelcy,Snoxell,ksnoxell6d@bigcartel.com,Non-binary,53.145.172.210
231,Sarena,Verbeke,sverbeke6e@statcounter.com,Female,17.9.208.23
232,Kip,Hanlon,khanlon6f@mapy.cz,Male,8.197.35.160
233,Paolina,Bellord,pbellord6g@marriott.com,Female,193.11.78.34
234,Charlena,Sedcole,csedcole6h@cisco.com,Female,193.88.17.107
235,Analise,MacLachlan,amaclachlan6i@spotify.com,Female,109.245.202.162
236,Rania,Soot,rsoot6j@vistaprint.com,Female,170.175.190.123
237,Flora,Cliburn,fcliburn6k@free.fr,Female,123.163.60.208
238,Donalt,Palfreeman,dpalfreeman6l@dedecms.com,Male,14.64.6.55
239,Thain,Varnham,tvarnham6m@nba.com,Male,166.95.116.163
240,Mayor,Crisp,mcrisp6n@example.com,Male,250.76.62.148
241,Carr,Bullen,cbullen6o@google.com,Male,7.123.105.83
242,Ginger,Bousfield,gbousfield6p@ezinearticles.com,Female,231.216.80.176
243,Obadias,Lathwood,olathwood6q@icio.us,Genderqueer,95.193.147.108
244,Feodor,Schrader,fschrader6r@prlog.org,Male,179.151.251.182
245,Nicolais,Jouannisson,njouannisson6s@bravesites.com,Male,228.183.228.51
246,Roderic,Mitton,rmitton6t@hao123.com,Male,151.162.113.67
247,Claudelle,Lidington,clidington6u@globo.com,Agender,181.128.66.161
248,Minerva,Coghlan,mcoghlan6v@moonfruit.com,Non-binary,135.102.37.42
249,Constantine,Curley,ccurley6w@over-blog.com,Male,10.233.229.25
250,Carny,Colbeck,ccolbeck6x@constantcontact.com,Male,122.159.60.159
251,Mortimer,Matschoss,mmatschoss6y@berkeley.edu,Male,240.81.104.42
252,Brewster,Scolland,bscolland6z@yahoo.co.jp,Male,15.73.41.231
253,Ravi,Lilly,rlilly70@mapquest.com,Male,128.65.14.128
254,Bari,Corson,bcorson71@google.es,Female,79.171.16.23
255,Doloritas,Richmont,drichmont72@constantcontact.com,Genderfluid,65.5.105.195
256,Verile,Wordesworth,vwordesworth73@reference.com,Female,187.212.110.34
257,Lorraine,Tyght,ltyght74@naver.com,Female,174.93.194.71
258,Osborne,Czadla,oczadla75@sogou.com,Male,65.159.122.37
259,Kaspar,Behling,kbehling76@twitpic.com,Male,110.203.136.45
260,Allison,Petken,apetken77@hc360.com,Bigender,207.38.44.96
261,Derrik,Baress,dbaress78@google.com.br,Male,58.94.70.215
262,Piper,Buller,pbuller79@livejournal.com,Female,125.18.212.229
263,Marcelia,Haste,mhaste7a@oaic.gov.au,Female,155.211.71.229
264,Cori,Mulbry,cmulbry7b@wp.com,Female,74.58.40.57
265,Charmaine,Ogborne,cogborne7c@freewebs.com,Female,231.91.162.163
266,Gradeigh,Wenderott,gwenderott7d@imdb.com,Male,48.113.53.46
267,Justis,Leghorn,jleghorn7e@google.com.hk,Male,45.141.125.167
268,Caterina,Dibble,cdibble7f@mediafire.com,Genderfluid,78.222.162.119
269,Rosetta,Craig,rcraig7g@google.com.au,Agender,125.220.96.121
270,Vivian,Costan,vcostan7h@goo.gl,Female,167.41.159.67
271,Chris,Alsford,calsford7i@buzzfeed.com,Male,82.219.184.235
272,Joe,Cambridge,jcambridge7j@instagram.com,Bigender,29.113.13.80
273,Nikolaus,Smewing,nsmewing7k@eepurl.com,Male,29.206.225.208
274,Rheba,Colliford,rcolliford7l@craigslist.org,Female,42.25.49.185
275,Haroun,Dur,hdur7m@dell.com,Male,31.25.154.81
276,Wally,Elwood,welwood7n@drupal.org,Male,120.16.176.3
277,Irwinn,Elsey,ielsey7o@weibo.com,Male,4.48.214.228
278,Mitchel,Menhci,mmenhci7p@about.me,Male,105.94.191.179
279,Cece,Lissenden,clissenden7q@baidu.com,Male,244.4.92.246
280,Franciska,Featherston,ffeatherston7r@google.com.br,Female,138.50.23.233
281,Base,Bestar,bbestar7s@dagondesign.com,Male,223.157.107.155
282,Dallas,Gramer,dgramer7t@360.cn,Male,190.191.168.240
283,Gardiner,Boxell,gboxell7u@soup.io,Male,86.56.203.91
284,Rhody,Bonsall,rbonsall7v@paginegialle.it,Female,228.57.164.31
285,Wit,Shooter,wshooter7w@ucoz.com,Non-binary,71.254.53.200
286,Farra,Bushill,fbushill7x@php.net,Female,194.70.102.190
287,Austin,Mont,amont7y@china.com.cn,Female,144.28.93.103
288,Anastasia,Aistrop,aaistrop7z@uol.com.br,Female,150.82.114.63
289,Grace,Charrette,gcharrette80@uol.com.br,Male,194.200.252.8
290,Clemmie,Cranham,ccranham81@tripod.com,Male,42.215.237.131
291,Lily,Reyburn,lreyburn82@blogger.com,Female,217.77.55.251
292,Lewie,Sheers,lsheers83@businessweek.com,Male,12.118.195.109
293,Tonya,Alpes,talpes84@github.com,Female,19.139.176.184
294,Lotty,Tollerton,ltollerton85@google.de,Female,96.24.70.103
295,Orson,Corse,ocorse86@discuz.net,Male,248.6.25.129
296,Bette-ann,Drinan,bdrinan87@bbb.org,Polygender,142.153.15.186
297,Frank,Hayzer,fhayzer88@cloudflare.com,Genderqueer,7.161.184.24
298,Josefina,Durnill,jdurnill89@barnesandnoble.com,Female,5.107.72.95
299,Deloris,Benini,dbenini8a@ow.ly,Female,81.182.16.125
300,Paolo,Braffington,pbraffington8b@wordpress.org,Male,245.106.220.0
301,Merrel,Baskerfield,mbaskerfield8c@taobao.com,Male,38.72.64.213
302,Ives,Torres,itorres8d@usgs.gov,Male,157.1.76.76
303,Sisely,Sings,ssings8e@indiegogo.com,Female,152.249.159.5
304,Analise,O'Neil,aoneil8f@ucla.edu,Female,167.57.135.169
305,Myra,Delle,mdelle8g@ovh.net,Female,160.53.231.126
306,Marguerite,Woollcott,mwoollcott8h@ucoz.com,Female,6.220.239.107
307,Kerry,Spong,kspong8i@apache.org,Female,24.121.8.230
308,Vida,Garr,vgarr8j@mashable.com,Female,16.147.206.137
309,Garner,Dethloff,gdethloff8k@reuters.com,Male,120.69.164.112
310,Loralyn,Puckham,lpuckham8l@booking.com,Bigender,6.134.211.80
311,Hermina,Dionisetti,hdionisetti8m@washington.edu,Female,100.24.108.150
312,Theo,Blacklawe,tblacklawe8n@newyorker.com,Female,182.77.31.193
313,Valaree,Puttan,vputtan8o@de.vu,Female,85.211.11.86
314,Dolorita,Prisk,dprisk8p@mapy.cz,Female,86.110.211.172
315,Claudelle,Patterson,cpatterson8q@studiopress.com,Female,141.16.151.91
316,Robinette,Ker,rker8r@xinhuanet.com,Female,8.6.26.77
317,Jacintha,Grigoli,jgrigoli8s@themeforest.net,Female,93.34.80.182
318,Barb,Mumberson,bmumberson8t@seattletimes.com,Female,127.76.35.50
319,Reggy,Spadari,rspadari8u@hubpages.com,Male,77.128.66.78
320,Cull,Pietranek,cpietranek8v@msn.com,Male,100.61.68.128
321,Dorene,Gadman,dgadman8w@gizmodo.com,Genderqueer,20.161.183.1
322,Henry,Skelhorn,hskelhorn8x@barnesandnoble.com,Agender,194.98.82.6
323,Evangelia,Riggey,eriggey8y@statcounter.com,Female,191.144.59.252
324,Denys,Elby,delby8z@auda.org.au,Male,155.206.147.228
325,Yetta,Kesper,ykesper90@webs.com,Female,110.148.203.114
326,Mano,McKim,mmckim91@goo.gl,Male,18.105.234.7
327,Elroy,Aireton,eaireton92@amazon.co.jp,Male,85.16.7.142
328,Romonda,Lezemore,rlezemore93@boston.com,Female,53.172.95.183
329,Dale,Fishby,dfishby94@creativecommons.org,Female,152.12.93.249
330,Zonnya,Curphey,zcurphey95@w3.org,Female,110.56.167.34
331,Kailey,Gwin,kgwin96@php.net,Female,23.89.101.249
332,Gipsy,Tether,gtether97@seesaa.net,Female,2.190.246.230
333,Sonia,Baden,sbaden98@networkadvertising.org,Female,111.141.238.63
334,Dan,Colborn,dcolborn99@goo.ne.jp,Genderfluid,229.70.101.45
335,Moria,Oboy,moboy9a@squidoo.com,Female,130.143.113.74
336,Zorah,Aldren,zaldren9b@cbsnews.com,Female,65.75.13.116
337,Konstanze,Rudledge,krudledge9c@free.fr,Female,24.175.242.49
338,Ernestus,Streatfield,estreatfield9d@google.pl,Male,108.228.216.118
339,Renaud,Schieferstein,rschieferstein9e@aboutads.info,Male,37.225.176.64
340,Ricky,Bernhardt,rbernhardt9f@aboutads.info,Female,129.170.229.247
341,Townsend,MacDonell,tmacdonell9g@bloglovin.com,Male,174.183.173.176
342,Claresta,Scandrite,cscandrite9h@wordpress.com,Female,86.106.241.12
343,Audrey,Dadge,adadge9i@skype.com,Female,213.132.142.72
344,Rickert,Bohling,rbohling9j@parallels.com,Male,76.169.245.90
345,Tannie,Furnell,tfurnell9k@nymag.com,Male,85.240.6.102
346,Mata,Mouth,mmouth9l@icq.com,Male,112.232.13.145
347,Patrizius,Dauncey,pdauncey9m@mtv.com,Agender,8.105.33.15
348,Lena,Boise,lboise9n@amazonaws.com,Female,210.52.5.93
349,Keelby,Paragreen,kparagreen9o@prnewswire.com,Male,11.239.200.176
350,Deerdre,Wontner,dwontner9p@elpais.com,Female,255.51.179.136
351,Son,Castellanos,scastellanos9q@cdc.gov,Male,205.83.156.58
352,Vivyanne,Stammler,vstammler9r@cdbaby.com,Female,215.102.123.65
353,Yoshi,Lengthorn,ylengthorn9s@hugedomains.com,Genderqueer,223.160.107.254
354,Sharl,Burgott,sburgott9t@smugmug.com,Female,130.255.35.181
355,Nelie,Jozefiak,njozefiak9u@163.com,Female,171.177.71.135
356,Harriott,Davenhill,hdavenhill9v@ca.gov,Genderqueer,205.90.148.50
357,Boone,Allerton,ballerton9w@dot.gov,Male,107.72.255.64
358,Ginnie,Timlin,gtimlin9x@eventbrite.com,Genderqueer,52.104.137.223
359,Berny,Domm,bdomm9y@technorati.com,Male,110.122.5.92
360,Pincas,Biddiss,pbiddiss9z@reddit.com,Male,121.248.61.27
361,Weylin,Tizard,wtizarda0@cpanel.net,Male,122.200.112.20
362,Henry,Barnett,hbarnetta1@elpais.com,Male,96.175.68.110
363,Magda,Bonhomme,mbonhommea2@sogou.com,Female,25.81.87.28
364,Cristiano,Towe,ctowea3@businessweek.com,Male,214.115.148.199
365,Diena,Wakeman,dwakemana4@1688.com,Female,184.184.231.106
366,Alwin,Liffe,aliffea5@mediafire.com,Male,240.154.127.65
367,Alison,Pears,apearsa6@typepad.com,Female,92.38.243.225
368,Jarrid,O'Gready,jogreadya7@springer.com,Male,17.5.235.37
369,Darrick,Lowrey,dlowreya8@rediff.com,Male,146.34.197.230
370,Cristina,Duthie,cduthiea9@accuweather.com,Female,168.70.87.117
371,Torr,Sewill,tsewillaa@xrea.com,Male,82.87.130.95
372,Luther,Casel,lcaselab@answers.com,Male,125.155.171.162
373,Noell,Rapo,nrapoac@usda.gov,Female,14.240.20.169
374,Bevan,Flury,bfluryad@pen.io,Male,67.244.77.164
375,Hyacinth,Wellesley,hwellesleyae@linkedin.com,Female,39.21.4.35
376,Ethel,Martynka,emartynkaaf@discuz.net,Female,226.160.220.151
377,Edwin,Titcumb,etitcumbag@sourceforge.net,Male,149.11.121.18
378,Odell,Bazire,obazireah@google.com,Bigender,85.46.132.167
379,Ericha,Kalderon,ekalderonai@theguardian.com,Female,235.103.179.29
380,Avie,Dudin,adudinaj@hud.gov,Female,212.192.51.4
381,Bendicty,Mepsted,bmepstedak@netscape.com,Male,133.45.106.220
382,Iver,Culross,iculrossal@cornell.edu,Male,182.152.86.60
383,Natty,Viveash,nviveasham@123-reg.co.uk,Genderfluid,170.95.45.176
384,Yettie,Bartell,ybartellan@tripadvisor.com,Polygender,2.176.4.207
385,Lula,Futter,lfutterao@gov.uk,Female,193.109.156.255
386,Joletta,Hindenburg,jhindenburgap@spiegel.de,Female,84.106.185.202
387,Janaye,Broxholme,jbroxholmeaq@360.cn,Female,244.30.49.101
388,Renaldo,Quogan,rquoganar@state.gov,Male,42.92.219.208
389,Wat,Fricker,wfrickeras@virginia.edu,Male,67.194.164.207
390,Sancho,Ulyat,sulyatat@digg.com,Male,14.188.98.115
391,Godfrey,Ranger,grangerau@livejournal.com,Male,246.126.94.153
392,Norrie,Gunbie,ngunbieav@wiley.com,Male,21.42.234.18
393,Evelina,Berlin,eberlinaw@goodreads.com,Female,71.150.224.224
394,Alva,Cranfield,acranfieldax@cbc.ca,Male,167.94.243.38
395,Bryna,Jovasevic,bjovasevicay@dot.gov,Female,139.152.250.22
396,Oralle,Abram,oabramaz@google.co.jp,Genderfluid,163.110.51.107
397,Olenolin,Castangia,ocastangiab0@adobe.com,Male,24.202.221.200
398,Nanci,Baggally,nbaggallyb1@photobucket.com,Female,101.109.182.150
399,Percy,Trattles,ptrattlesb2@icio.us,Male,132.23.207.41
400,Annalise,Ower,aowerb3@naver.com,Female,128.136.221.110
401,Juan,Flanagan,jflanaganb4@sun.com,Male,11.58.35.197
402,Gus,Wescott,gwescottb5@msu.edu,Female,191.157.137.10
403,Elke,Blankenship,eblankenshipb6@pen.io,Female,32.22.236.30
404,Martguerita,Hailwood,mhailwoodb7@pbs.org,Female,138.239.21.19
405,Mavis,Da Costa,mdacostab8@godaddy.com,Non-binary,102.103.140.45
406,Davy,Wilgar,dwilgarb9@washington.edu,Male,134.225.107.190
407,Mace,Wakely,mwakelyba@forbes.com,Male,210.160.186.8
408,Bernie,Edwick,bedwickbb@google.es,Female,105.150.137.132
409,Dudley,Weld,dweldbc@hc360.com,Male,35.150.114.205
410,Jedd,Tutton,jtuttonbd@zdnet.com,Male,228.185.22.114
411,Alexina,Standley,astandleybe@imdb.com,Female,6.78.201.29
412,Haywood,Lapwood,hlapwoodbf@blogs.com,Male,219.1.255.96
413,Hakim,Cleft,hcleftbg@netlog.com,Male,84.91.139.81
414,Glad,Do,gdobh@naver.com,Female,40.106.209.232
415,Isa,Needs,ineedsbi@google.fr,Male,48.110.242.148
416,Odelinda,Kort,okortbj@spotify.com,Female,69.99.51.149
417,Benedicta,Blencoe,bblencoebk@nasa.gov,Female,179.86.33.195
418,Mathias,Sacco,msaccobl@usatoday.com,Male,195.182.160.161
419,Warden,Scardifield,wscardifieldbm@senate.gov,Male,12.77.43.161
420,Bryanty,McVicker,bmcvickerbn@craigslist.org,Male,8.49.122.0
421,Carol-jean,Coleborn,ccolebornbo@twitpic.com,Female,233.230.197.187
422,Dredi,Van Arsdall,dvanarsdallbp@twitter.com,Female,6.252.33.106
423,Ellsworth,Benford,ebenfordbq@oakley.com,Male,26.46.215.155
424,Carlo,Gobert,cgobertbr@spotify.com,Male,154.235.242.108
425,Olenolin,Melloy,omelloybs@pcworld.com,Male,37.41.21.23
426,Dru,Costelow,dcostelowbt@fc2.com,Male,98.156.36.140
427,Amby,Barszczewski,abarszczewskibu@microsoft.com,Male,183.211.2.169
428,Zach,Curado,zcuradobv@1688.com,Male,98.97.238.107
429,Christin,Filochov,cfilochovbw@booking.com,Female,187.2.164.204
430,Aryn,Oxtoby,aoxtobybx@is.gd,Female,249.230.237.136
431,Alika,Clemenzo,aclemenzoby@typepad.com,Female,199.65.67.169
432,Nataniel,Backson,nbacksonbz@sciencedaily.com,Male,76.133.244.226
433,Lucio,Grunnill,lgrunnillc0@webs.com,Male,193.252.241.228
434,Ernesto,Staries,estariesc1@opera.com,Male,51.178.172.107
435,Eda,Roos,eroosc2@qq.com,Female,61.53.96.243
436,Fred,Ayrton,fayrtonc3@sakura.ne.jp,Genderqueer,204.1.69.249
437,Marthe,Acom,macomc4@wiley.com,Female,252.213.21.58
438,Clerc,Afield,cafieldc5@epa.gov,Male,125.74.242.113
439,Adriano,Bennison,abennisonc6@nhs.uk,Male,188.67.249.250
440,Cloe,Hughland,chughlandc7@amazon.co.uk,Female,186.12.178.15
441,Rayner,Huton,rhutonc8@imgur.com,Male,30.193.94.78
442,Rebeca,Chattelaine,rchattelainec9@goo.ne.jp,Female,147.24.168.207
443,Kessiah,Dalglish,kdalglishca@wikimedia.org,Female,86.245.179.97
444,Ingar,Brand,ibrandcb@dedecms.com,Male,145.179.108.205
445,Timmy,McGillicuddy,tmcgillicuddycc@bizjournals.com,Female,44.0.93.2
446,Joscelin,Gayle,jgaylecd@globo.com,Polygender,216.103.165.129
447,Alvin,Witterick,awitterickce@purevolume.com,Male,80.183.23.34
448,Linette,Redsull,lredsullcf@unicef.org,Female,150.211.110.208
449,Fleur,Hebbard,fhebbardcg@bluehost.com,Female,166.36.103.243
450,Gifford,Tailby,gtailbych@fastcompany.com,Male,121.169.28.128
451,Becca,MacMechan,bmacmechanci@abc.net.au,Genderqueer,228.242.114.184
452,Henri,Lawless,hlawlesscj@reverbnation.com,Male,13.202.153.228
453,Myca,Mogridge,mmogridgeck@moonfruit.com,Male,9.134.189.190
454,Nikita,Hellin,nhellincl@answers.com,Male,75.45.84.38
455,Trudy,Hayley,thayleycm@gov.uk,Female,147.182.217.243
456,Celle,Hodcroft,chodcroftcn@lulu.com,Female,233.147.164.73
457,Darwin,Babbs,dbabbsco@storify.com,Male,160.76.239.198
458,Wilbert,Roblin,wroblincp@psu.edu,Male,165.246.240.246
459,Jakie,Allum,jallumcq@theglobeandmail.com,Male,192.177.55.116
460,Averil,Edes,aedescr@chronoengine.com,Female,75.154.197.202
461,Gretta,Lammertz,glammertzcs@soundcloud.com,Agender,26.243.23.210
462,Gilbertina,Whipple,gwhipplect@princeton.edu,Female,130.214.161.91
463,Pollyanna,Cail,pcailcu@statcounter.com,Female,136.127.30.143
464,Ryley,Presman,rpresmancv@studiopress.com,Male,144.137.95.216
465,Norman,Paquet,npaquetcw@pcworld.com,Genderfluid,57.197.155.168
466,Shepperd,Rusling,sruslingcx@jiathis.com,Male,73.225.140.13
467,Cletis,Gilmour,cgilmourcy@merriam-webster.com,Male,210.216.30.63
468,Ludwig,Gogin,lgogincz@ucoz.com,Male,61.37.246.20
469,Lorelei,Drysdale,ldrysdaled0@quantcast.com,Female,24.181.195.43
470,Corbie,Buchett,cbuchettd1@washington.edu,Male,189.47.209.253
471,Robbi,Bittany,rbittanyd2@hubpages.com,Female,195.84.248.255
472,Dael,Matusovsky,dmatusovskyd3@blogger.com,Female,69.20.86.172
473,Lilia,Steuart,lsteuartd4@geocities.jp,Female,31.227.15.217
474,Raynor,Simnel,rsimneld5@chron.com,Male,218.85.29.23
475,Vanessa,Bosworth,vbosworthd6@hugedomains.com,Female,34.249.143.42
476,Frederigo,Shurrocks,fshurrocksd7@discuz.net,Male,198.2.89.4
477,Forster,Harroway,fharrowayd8@furl.net,Male,48.87.63.62
478,Creight,Lubman,clubmand9@yolasite.com,Male,60.218.231.214
479,Honoria,Martusewicz,hmartusewiczda@dmoz.org,Female,219.124.36.215
480,Gustavo,Grundey,ggrundeydb@ox.ac.uk,Male,15.127.90.100
481,Harlene,Milverton,hmilvertondc@liveinternet.ru,Female,205.239.81.214
482,Rubi,Offord,rofforddd@ebay.co.uk,Female,206.117.50.110
483,Leroy,Maier,lmaierde@ibm.com,Male,209.83.230.6
484,Robbie,Webber,rwebberdf@hubpages.com,Female,31.85.194.2
485,Clevey,Deener,cdeenerdg@goo.gl,Male,20.209.40.239
486,Jenelle,Towsie,jtowsiedh@unesco.org,Female,140.84.243.98
487,Minor,Petegre,mpetegredi@reference.com,Male,195.5.236.133
488,Padraic,Kilshaw,pkilshawdj@amazon.de,Male,99.52.46.129
489,Kevina,Braiden,kbraidendk@geocities.jp,Female,226.181.148.66
490,Selig,Belmont,sbelmontdl@answers.com,Non-binary,71.243.25.59
491,Ophelie,Lode,olodedm@si.edu,Genderqueer,204.248.67.108
492,Rhea,Johansson,rjohanssondn@w3.org,Female,62.90.23.241
493,Celisse,McMorland,cmcmorlanddo@archive.org,Female,247.31.61.97
494,Oralee,Littlefield,olittlefielddp@godaddy.com,Female,58.236.177.244
495,Jillayne,Woolfoot,jwoolfootdq@fastcompany.com,Genderqueer,24.80.147.41
496,Nicolette,Spindler,nspindlerdr@biglobe.ne.jp,Female,63.169.245.118
497,Gavrielle,Heinlein,gheinleinds@marriott.com,Female,86.198.146.124
498,Gill,Gandey,ggandeydt@loc.gov,Female,107.209.230.130
499,Kerri,Steaning,ksteaningdu@who.int,Female,249.96.189.41
500,William,Creevy,wcreevydv@barnesandnoble.com,Male,43.136.246.211
501,Chickie,Soldan,csoldandw@umn.edu,Female,184.35.29.19
502,Ivy,Lindwall,ilindwalldx@creativecommons.org,Female,154.143.76.134
503,Rocky,Jasik,rjasikdy@jimdo.com,Male,28.253.8.122
504,Garik,Tuffs,gtuffsdz@statcounter.com,Male,238.84.90.11
505,Sibylla,O'Gaven,sogavene0@jalbum.net,Polygender,51.157.88.152
506,Gare,Kevane,gkevanee1@github.io,Genderqueer,62.3.245.4
507,Ulrick,Giacobbo,ugiacobboe2@tripod.com,Male,125.135.68.184
508,Leonie,Cleynaert,lcleynaerte3@spiegel.de,Female,147.89.247.93
509,Pacorro,Kettley,pkettleye4@nifty.com,Male,52.230.20.113
510,Heddie,Jiri,hjirie5@over-blog.com,Female,30.176.113.1
511,Lari,Prettejohns,lprettejohnse6@google.com.br,Female,67.87.9.45
512,Bartlet,Rickard,brickarde7@flavors.me,Male,243.3.88.182
513,Sylvester,Renne,srennee8@cnbc.com,Male,26.105.110.79
514,Berk,Gladdis,bgladdise9@nasa.gov,Male,242.230.127.164
515,Jaye,Wollen,jwollenea@google.com.br,Male,11.229.10.38
516,Dosi,Willcock,dwillcockeb@printfriendly.com,Female,81.127.15.126
517,Vite,Riglar,vriglarec@bandcamp.com,Male,103.78.30.160
518,Elsi,Kindall,ekindalled@histats.com,Female,46.24.229.140
519,Isa,Dibling,idiblingee@state.tx.us,Female,86.145.39.77
520,Brien,Yele,byeleef@wordpress.com,Male,162.191.78.182
521,Carmon,Stannard,cstannardeg@npr.org,Female,205.40.138.188
522,Rosita,Dumbare,rdumbareeh@pcworld.com,Female,23.211.203.128
523,Nicky,Hoyte,nhoyteei@yellowbook.com,Male,243.250.16.246
524,Zarah,Eadmeads,zeadmeadsej@imgur.com,Female,201.212.5.211
525,Boothe,Gotcliff,bgotcliffek@fda.gov,Male,75.147.9.229
526,Rancell,Bamb,rbambel@yale.edu,Male,251.157.171.222
527,Sutherland,MacVaugh,smacvaughem@last.fm,Male,14.192.239.184
528,Leo,Jeandin,ljeandinen@cdbaby.com,Male,238.242.215.204
529,Hashim,Yeeles,hyeeleseo@ca.gov,Male,208.174.123.202
530,Lawton,Dickerson,ldickersonep@unicef.org,Male,99.199.139.216
531,Fifine,Guirardin,fguirardineq@lulu.com,Female,152.135.123.217
532,Robert,Graber,rgraberer@rediff.com,Male,31.20.26.20
533,Cassondra,Munnion,cmunniones@hostgator.com,Female,56.103.156.233
534,Xavier,Doll,xdollet@mysql.com,Male,99.165.157.88
535,Joell,Carlisso,jcarlissoeu@examiner.com,Female,195.243.59.171
536,Eugenie,Avrahamian,eavrahamianev@nifty.com,Female,50.57.218.33
537,Judon,Skehan,jskehanew@posterous.com,Bigender,143.147.71.30
538,Aryn,Emes,aemesex@dot.gov,Female,62.169.116.204
539,Trefor,Calladine,tcalladineey@dion.ne.jp,Genderqueer,196.23.134.211
540,Pail,Le Prevost,pleprevostez@microsoft.com,Male,238.250.204.44
541,Prudi,Peare,ppearef0@shinystat.com,Female,76.148.86.5
542,Whitman,Colling,wcollingf1@chronoengine.com,Male,163.229.169.54
543,Sisely,Osichev,sosichevf2@a8.net,Female,125.80.148.8
544,Jsandye,Auten,jautenf3@freewebs.com,Agender,208.138.157.20
545,Natty,Apfler,napflerf4@aboutads.info,Polygender,22.75.152.175
546,Elwood,Moret,emoretf5@nbcnews.com,Male,189.34.102.240
547,Cherlyn,De Cleen,cdecleenf6@nationalgeographic.com,Female,35.111.112.254
548,Alberto,Woofenden,awoofendenf7@moonfruit.com,Male,139.51.212.140
549,Hazlett,Stollman,hstollmanf8@marketwatch.com,Male,169.153.30.69
550,Val,Meffen,vmeffenf9@upenn.edu,Female,109.210.180.182
551,Zechariah,Sharp,zsharpfa@flickr.com,Male,62.179.252.56
552,Eda,Buttner,ebuttnerfb@ihg.com,Female,75.250.186.139
553,Tades,Stack,tstackfc@spotify.com,Male,166.12.35.134
554,Markos,Piner,mpinerfd@jugem.jp,Male,131.103.233.214
555,Alley,Spens,aspensfe@mayoclinic.com,Male,62.220.244.40
556,Kimmi,Jorge,kjorgeff@chron.com,Female,89.0.183.68
557,Dotti,Skase,dskasefg@ebay.com,Female,85.241.170.237
558,Padgett,Oglethorpe,poglethorpefh@etsy.com,Male,252.111.180.167
559,Krissy,Herculeson,kherculesonfi@deviantart.com,Female,49.101.12.46
560,Edithe,Coale,ecoalefj@cornell.edu,Female,68.69.87.22
561,Krystle,Pughsley,kpughsleyfk@cyberchimps.com,Female,186.154.9.131
562,Nikita,Danielsohn,ndanielsohnfl@state.gov,Male,74.55.23.185
563,Vivia,McClancy,vmcclancyfm@mashable.com,Genderfluid,158.136.199.219
564,Thaxter,Rivelin,trivelinfn@stumbleupon.com,Male,17.76.116.108
565,Maryrose,Toothill,mtoothillfo@alibaba.com,Female,74.226.12.174
566,Gamaliel,Fain,gfainfp@usatoday.com,Male,132.150.149.103
567,Rutter,Cisland,rcislandfq@foxnews.com,Male,208.115.75.40
568,Bernard,Hammerman,bhammermanfr@yandex.ru,Male,106.179.70.174
569,Zoe,Punt,zpuntfs@google.co.jp,Female,103.239.31.159
570,Kellby,Scoggan,kscogganft@paginegialle.it,Male,36.107.90.156
571,Larry,Whye,lwhyefu@163.com,Male,142.127.246.43
572,Reidar,Licciardello,rlicciardellofv@fotki.com,Male,27.218.116.159
573,Egan,Okeshott,eokeshottfw@unblog.fr,Male,154.42.250.123
574,Madison,Lucia,mluciafx@live.com,Bigender,213.65.210.230
575,Tine,Cawood,tcawoodfy@buzzfeed.com,Female,40.233.118.182
576,Fidole,Bogaert,fbogaertfz@vkontakte.ru,Male,147.97.168.78
577,Dru,Maw,dmawg0@prnewswire.com,Male,116.73.210.100
578,Randolf,Gumey,rgumeyg1@nature.com,Male,209.244.143.255
579,Morlee,MacGee,mmacgeeg2@icio.us,Male,47.129.203.200
580,Addia,Di Pietro,adipietrog3@people.com.cn,Female,95.244.194.101
581,Elsi,Bullock,ebullockg4@csmonitor.com,Female,207.27.244.147
582,Beatriz,Freegard,bfreegardg5@howstuffworks.com,Female,130.217.0.76
583,Carlyle,Foster,cfosterg6@statcounter.com,Male,14.29.117.206
584,Lindsay,Awde,lawdeg7@yellowbook.com,Male,95.27.106.168
585,Genna,Donalson,gdonalsong8@shutterfly.com,Female,145.174.120.201
586,Latisha,Bront,lbrontg9@google.co.jp,Female,235.88.136.118
587,Flori,McKintosh,fmckintoshga@craigslist.org,Polygender,31.111.19.79
588,Karlan,Cammiemile,kcammiemilegb@businesswire.com,Male,130.203.215.68
589,Lock,Bellam,lbellamgc@seattletimes.com,Male,184.69.13.125
590,Gilligan,Lifsey,glifseygd@pinterest.com,Female,77.35.10.154
591,Ranna,Mustoo,rmustooge@geocities.jp,Female,182.86.183.7
592,Truman,Shields,tshieldsgf@imdb.com,Male,22.22.223.158
593,Genna,O'Carroll,gocarrollgg@tinyurl.com,Female,41.214.72.60
594,Jefferson,O'Dyvoie,jodyvoiegh@e-recht24.de,Male,146.221.58.199
595,Greta,Paolicchi,gpaolicchigi@fastcompany.com,Female,182.181.20.30
596,Bernardine,Hallad,bhalladgj@amazon.co.uk,Female,200.138.199.193
597,Druci,Gyngell,dgyngellgk@linkedin.com,Female,228.1.241.116
598,Ella,Skitterel,eskitterelgl@e-recht24.de,Female,46.151.137.6
599,Jimmie,Lafflina,jlafflinagm@blogspot.com,Male,127.236.184.181
600,Leah,Chillingworth,lchillingworthgn@lulu.com,Female,134.147.155.181
601,Tana,Krauss,tkraussgo@mediafire.com,Female,218.131.251.197
602,Monti,Affleck,maffleckgp@slideshare.net,Genderfluid,57.190.242.65
603,Mathew,Treske,mtreskegq@diigo.com,Male,14.158.86.107
604,Wyndham,Kirkwood,wkirkwoodgr@jiathis.com,Male,231.162.168.125
605,Ilyse,Maryott,imaryottgs@npr.org,Female,32.217.49.92
606,Calvin,Hartford,chartfordgt@ucoz.com,Male,241.197.45.148
607,Jewelle,Silverthorne,jsilverthornegu@thetimes.co.uk,Female,11.118.16.126
608,Donall,Runsey,drunseygv@xinhuanet.com,Male,254.182.14.234
609,Cherie,Simony,csimonygw@howstuffworks.com,Non-binary,245.177.164.176
610,Burk,Syalvester,bsyalvestergx@usgs.gov,Male,114.28.135.191
611,Hadria,Johansson,hjohanssongy@biblegateway.com,Female,82.83.166.120
612,Richy,McSweeney,rmcsweeneygz@mapy.cz,Bigender,97.138.94.73
613,Ole,Talkington,otalkingtonh0@samsung.com,Male,69.0.16.167
614,Sidonnie,Croson,scrosonh1@odnoklassniki.ru,Polygender,188.156.70.86
615,Lavina,Joiris,ljoirish2@nih.gov,Female,189.46.151.175
616,Bar,Beininck,bbeininckh3@soundcloud.com,Male,118.5.52.246
617,Ariadne,Holtom,aholtomh4@mozilla.com,Female,32.28.33.244
618,Sunshine,Geeraert,sgeeraerth5@umn.edu,Female,181.214.48.234
619,Gaelan,Turbefield,gturbefieldh6@usda.gov,Male,224.192.48.181
620,Alfreda,Meanwell,ameanwellh7@wufoo.com,Genderqueer,35.236.119.226
621,Monroe,Swede,mswedeh8@intel.com,Male,43.253.95.108
622,Filberto,MacFayden,fmacfaydenh9@amazon.co.uk,Male,132.134.202.64
623,Matthew,Brewins,mbrewinsha@reverbnation.com,Male,209.19.214.242
624,Michal,Glowacz,mglowaczhb@weibo.com,Male,211.215.174.220
625,Warde,Shrubb,wshrubbhc@fastcompany.com,Male,198.177.217.31
626,Buddy,Coultous,bcoultoushd@seesaa.net,Male,143.236.126.215
627,Sylvester,Abbis,sabbishe@blogtalkradio.com,Male,192.211.248.127
628,Humbert,Sweetmore,hsweetmorehf@indiatimes.com,Male,251.140.195.42
629,Randie,Eicheler,reichelerhg@1688.com,Male,146.66.246.143
630,Lancelot,Thody,lthodyhh@adobe.com,Male,98.37.90.68
631,Blinnie,Manssuer,bmanssuerhi@phpbb.com,Female,53.76.68.108
632,Marcile,Scherme,mschermehj@mysql.com,Female,179.178.160.1
633,Pavia,Ioan,pioanhk@naver.com,Female,96.95.10.238
634,Roseann,Jados,rjadoshl@youtu.be,Female,73.173.29.155
635,Frazer,Simonou,fsimonouhm@i2i.jp,Agender,197.67.27.8
636,Benny,Workman,bworkmanhn@dot.gov,Female,28.226.140.96
637,Muffin,Webley,mwebleyho@gnu.org,Agender,243.76.233.237
638,Dougie,Kareman,dkaremanhp@ifeng.com,Male,23.83.100.188
639,Sylas,O'Sirin,sosirinhq@geocities.jp,Male,52.159.160.249
640,Gilles,Langrick,glangrickhr@harvard.edu,Male,234.21.118.194
641,Ashlan,O'Halloran,aohalloranhs@utexas.edu,Female,117.248.111.223
642,Elayne,Glasspoole,eglasspooleht@auda.org.au,Female,246.35.157.120
643,Korrie,Dionsetto,kdionsettohu@ucla.edu,Female,248.171.114.234
644,Ki,Vader,kvaderhv@cbsnews.com,Genderqueer,232.141.35.113
645,Boigie,Westrope,bwestropehw@domainmarket.com,Male,69.95.106.96
646,Kirby,Buscombe,kbuscombehx@i2i.jp,Female,88.93.14.246
647,Idalia,Cranston,icranstonhy@mit.edu,Female,21.188.179.202
648,Burk,Wardington,bwardingtonhz@desdev.cn,Male,160.95.228.93
649,Claudelle,Morfey,cmorfeyi0@etsy.com,Genderqueer,172.68.221.51
650,Arlyne,Caghan,acaghani1@g.co,Female,91.21.4.165
651,Leontine,Fley,lfleyi2@dmoz.org,Female,107.208.108.179
652,Rollie,Dockery,rdockeryi3@apple.com,Male,187.21.107.152
653,Gilli,Hulbert,ghulberti4@google.it,Female,130.181.123.232
654,Leeanne,Caldwall,lcaldwalli5@blinklist.com,Genderfluid,183.181.90.81
655,Stefan,Neggrini,sneggrinii6@webmd.com,Male,255.11.124.193
656,Gabriele,Lindell,glindelli7@woothemes.com,Male,67.201.196.109
657,Torin,Neilands,tneilandsi8@go.com,Male,209.68.48.124
658,Elmore,Spellacy,espellacyi9@washingtonpost.com,Male,113.253.114.166
659,Gavan,Schoolfield,gschoolfieldia@omniture.com,Male,99.144.92.240
660,Erika,Schubuser,eschubuserib@senate.gov,Female,73.47.236.71
661,Rodd,Grundon,rgrundonic@telegraph.co.uk,Male,221.10.183.85
662,Carmon,Hould,chouldid@npr.org,Female,203.172.31.44
663,Wilow,Ziemke,wziemkeie@cyberchimps.com,Female,143.92.50.37
664,Merla,Olkowicz,molkowiczif@e-recht24.de,Female,52.2.87.203
665,Vitoria,Baitson,vbaitsonig@dot.gov,Female,6.1.1.69
666,Delmer,Trumble,dtrumbleih@g.co,Male,244.16.43.100
667,Welby,Scocroft,wscocroftii@so-net.ne.jp,Male,78.59.89.165
668,Timmie,Garard,tgarardij@dailymotion.com,Female,0.73.62.199
669,Imogene,Luca,ilucaik@washingtonpost.com,Agender,228.101.131.108
670,Bertine,Phinn,bphinnil@yellowbook.com,Female,194.43.255.108
671,Meir,Simeone,msimeoneim@chronoengine.com,Bigender,206.100.4.231
672,Gae,Battisson,gbattissonin@smh.com.au,Female,82.238.165.37
673,Abbey,Keeling,akeelingio@surveymonkey.com,Female,181.168.6.57
674,Leann,Friar,lfriarip@usda.gov,Female,157.122.85.82
675,Neill,Castella,ncastellaiq@wufoo.com,Male,174.162.228.71
676,Maurizio,Ramalhete,mramalheteir@quantcast.com,Male,103.108.162.247
677,Kennett,Fripps,kfrippsis@admin.ch,Male,246.233.60.219
678,Nonie,Laurisch,nlaurischit@ca.gov,Non-binary,0.177.36.156
679,Ingunna,Sacker,isackeriu@mediafire.com,Female,159.35.178.156
680,Iris,Pirie,ipirieiv@omniture.com,Female,222.210.141.48
681,Robbyn,Kinahan,rkinahaniw@quantcast.com,Female,204.19.54.13
682,Launce,Coram,lcoramix@youtu.be,Male,175.224.45.231
683,Jecho,Kielt,jkieltiy@ted.com,Male,27.139.209.42
684,Storm,Swaby,sswabyiz@istockphoto.com,Female,105.25.205.26
685,Brenda,Jacobssen,bjacobssenj0@umn.edu,Female,232.247.132.225
686,Web,Havard,whavardj1@twitter.com,Male,189.63.45.162
687,Stan,Walaron,swalaronj2@dedecms.com,Male,83.203.253.197
688,Robbi,Archdeacon,rarchdeaconj3@photobucket.com,Female,231.44.222.208
689,Darlleen,Werrit,dwerritj4@cyberchimps.com,Female,221.74.90.55
690,Cy,Valasek,cvalasekj5@reddit.com,Male,130.2.165.140
691,Lindsay,Dawidowitz,ldawidowitzj6@noaa.gov,Male,134.233.5.100
692,Diannne,Halston,dhalstonj7@skype.com,Female,214.199.60.61
693,Inna,Bibbie,ibibbiej8@themeforest.net,Female,116.169.13.60
694,Jessie,Rowatt,jrowattj9@webmd.com,Female,142.38.195.109
695,Anselm,Marlowe,amarloweja@acquirethisname.com,Male,197.242.109.173
696,Boigie,Pickover,bpickoverjb@spotify.com,Male,130.222.217.198
697,Grove,Armitt,garmittjc@histats.com,Male,69.10.115.100
698,Misty,Andreev,mandreevjd@opensource.org,Genderqueer,50.48.106.6
699,Glen,Redpath,gredpathje@bing.com,Male,207.10.39.88
700,Kermy,Brambill,kbrambilljf@nature.com,Polygender,198.166.11.140
701,Ephrayim,Prevett,eprevettjg@cam.ac.uk,Male,202.173.91.220
702,Saunders,Stevenson,sstevensonjh@simplemachines.org,Male,136.251.61.142
703,Kakalina,Formby,kformbyji@admin.ch,Female,247.4.174.198
704,Lynda,Haugg,lhauggjj@webeden.co.uk,Female,119.20.221.170
705,Octavia,Perl,operljk@indiatimes.com,Female,90.16.83.192
706,Moyra,Lokier,mlokierjl@163.com,Female,126.161.145.142
707,Vivian,Brayn,vbraynjm@weebly.com,Female,189.82.148.5
708,Sholom,Pettit,spettitjn@imdb.com,Male,145.81.142.20
709,Kenna,Dearell,kdearelljo@cisco.com,Female,108.109.71.187
710,Fionna,Blincoe,fblincoejp@elpais.com,Female,43.252.172.210
711,Paola,Harford,pharfordjq@redcross.org,Female,175.212.229.131
712,Muffin,Denison,mdenisonjr@1688.com,Male,200.193.17.194
713,Daryl,MacLaren,dmaclarenjs@blogger.com,Male,192.254.130.174
714,Glyn,Catenot,gcatenotjt@symantec.com,Male,221.247.190.0
715,Golda,Rosewall,grosewallju@com.com,Female,83.178.185.41
716,Olvan,Mc Coughan,omccoughanjv@tinyurl.com,Male,166.182.53.100
717,Guillaume,Pren,gprenjw@washingtonpost.com,Male,29.9.128.255
718,Patten,Wales,pwalesjx@blinklist.com,Male,210.43.97.0
719,Griffy,Banane,gbananejy@twitpic.com,Male,220.86.239.68
720,Bron,Oxbury,boxburyjz@mapy.cz,Male,238.34.27.92
721,Farlie,Keigher,fkeigherk0@mozilla.org,Male,175.40.246.124
722,Randi,Cane,rcanek1@timesonline.co.uk,Male,23.211.35.121
723,Bendite,Sherrum,bsherrumk2@1688.com,Female,144.204.18.136
724,Diandra,Pinnock,dpinnockk3@indiatimes.com,Female,155.143.91.117
725,Doloritas,Fantin,dfantink4@squidoo.com,Polygender,75.230.184.192
726,Terry,Scimone,tscimonek5@bbc.co.uk,Female,106.165.144.101
727,Babbie,Moir,bmoirk6@t.co,Genderfluid,4.86.227.229
728,Masha,Simione,msimionek7@cafepress.com,Female,112.32.142.133
729,Rani,Cure,rcurek8@msu.edu,Female,94.103.137.99
730,Willis,Turton,wturtonk9@ihg.com,Male,2.108.136.93
731,Jeanine,Iannitti,jiannittika@wikispaces.com,Female,183.190.66.182
732,Selle,Purver,spurverkb@europa.eu,Female,21.132.155.27
733,Kass,Marcroft,kmarcroftkc@boston.com,Female,0.136.130.82
734,Esme,Hogbin,ehogbinkd@networksolutions.com,Genderfluid,200.42.20.227
735,Mabel,Cunney,mcunneyke@tinypic.com,Female,232.96.227.171
736,Warde,Swayne,wswaynekf@freewebs.com,Male,18.36.144.135
737,Adorne,Jewett,ajewettkg@blogtalkradio.com,Female,171.226.35.70
738,Roderich,Houtby,rhoutbykh@cnbc.com,Male,208.51.243.178
739,Thurston,Tzarkov,ttzarkovki@vimeo.com,Male,67.204.106.192
740,Ruperta,Lill,rlillkj@ow.ly,Female,23.101.239.183
741,Wilbert,Buncher,wbuncherkk@bizjournals.com,Male,238.172.112.11
742,Miran,Spores,msporeskl@bing.com,Female,99.95.200.201
743,Dorella,Lagen,dlagenkm@google.com.au,Female,177.191.164.221
744,Mickey,Durdy,mdurdykn@altervista.org,Male,160.104.250.63
745,Konstantin,Darte,kdarteko@dagondesign.com,Male,238.195.219.125
746,Anni,Nossent,anossentkp@google.de,Female,231.104.124.96
747,Arnold,Wilbor,awilborkq@reverbnation.com,Non-binary,156.33.248.111
748,Aleksandr,Hartshorne,ahartshornekr@nymag.com,Male,2.221.70.150
749,Gus,Masham,gmashamks@digg.com,Male,178.177.108.76
750,Franny,Ovize,fovizekt@cnbc.com,Female,176.112.255.183
751,Jania,Morphew,jmorphewku@aol.com,Female,36.228.253.56
752,Hamish,Astling,hastlingkv@amazon.co.uk,Male,138.165.167.132
753,Lewes,Parcell,lparcellkw@drupal.org,Agender,77.19.23.214
754,Perice,Sedgman,psedgmankx@ustream.tv,Male,221.192.83.95
755,Jeffy,Rouke,jroukeky@apache.org,Genderqueer,248.145.220.87
756,Alvan,Jorger,ajorgerkz@technorati.com,Male,182.15.80.200
757,Lyndy,Gresly,lgreslyl0@cafepress.com,Female,85.180.178.103
758,Dennie,Pickthorn,dpickthornl1@comcast.net,Male,114.49.176.184
759,Irvine,Savoury,isavouryl2@istockphoto.com,Male,187.46.195.59
760,Mildrid,Challender,mchallenderl3@t-online.de,Female,133.88.15.41
761,Jada,Laven,jlavenl4@europa.eu,Female,48.103.65.91
762,Edita,Money,emoneyl5@npr.org,Female,251.114.227.23
763,Dorthea,Purdie,dpurdiel6@sakura.ne.jp,Female,108.188.4.10
764,Reggie,Hillitt,rhillittl7@mashable.com,Male,81.52.109.108
765,Skell,Greeding,sgreedingl8@free.fr,Non-binary,76.202.167.179
766,Erin,Beveredge,ebeveredgel9@altervista.org,Male,241.36.159.24
767,Zach,Bruyet,zbruyetla@creativecommons.org,Male,112.162.41.191
768,Eula,Kern,ekernlb@hubpages.com,Female,99.80.4.212
769,Evey,Colegrove,ecolegrovelc@hibu.com,Female,12.70.26.100
770,Berton,Johnsee,bjohnseeld@unblog.fr,Male,205.158.206.145
771,Maje,Northen,mnorthenle@huffingtonpost.com,Male,216.70.208.177
772,Stormy,Bowlesworth,sbowlesworthlf@army.mil,Female,238.65.152.77
773,Araldo,Ianno,aiannolg@simplemachines.org,Male,50.190.229.142
774,Marti,Scarf,mscarflh@g.co,Female,230.114.33.162
775,Noreen,Delgardo,ndelgardoli@360.cn,Female,87.112.200.160
776,Georges,Fishleigh,gfishleighlj@dell.com,Male,61.241.132.138
777,Lucilia,Strongman,lstrongmanlk@umn.edu,Female,194.199.251.31
778,Ramon,Thurnham,rthurnhamll@umich.edu,Male,73.116.34.102
779,Norine,Stead,nsteadlm@eepurl.com,Female,37.190.194.131
780,Jodie,Wynn,jwynnln@ebay.co.uk,Female,115.38.171.84
781,Charin,Medforth,cmedforthlo@hao123.com,Female,215.246.184.125
782,Den,Sisey,dsiseylp@microsoft.com,Male,218.39.63.254
783,Kippy,Simmank,ksimmanklq@ehow.com,Male,133.226.52.198
784,Lutero,Gebhardt,lgebhardtlr@msu.edu,Male,72.255.117.136
785,Perkin,Carnell,pcarnellls@hao123.com,Genderqueer,185.19.87.137
786,Sam,Tadgell,stadgelllt@ezinearticles.com,Male,147.193.95.68
787,Mignon,Farnworth,mfarnworthlu@storify.com,Female,12.86.106.18
788,Jennette,Owbridge,jowbridgelv@google.com.br,Female,45.33.124.160
789,Hildagarde,Vaux,hvauxlw@ocn.ne.jp,Female,205.106.215.67
790,Jordain,Cod,jcodlx@ibm.com,Female,117.220.203.172
791,Kirsti,Omrod,komrodly@behance.net,Genderfluid,169.225.218.22
792,Chastity,Gurner,cgurnerlz@soup.io,Female,104.196.151.128
793,Bucky,Robillart,brobillartm0@dyndns.org,Male,75.249.164.21
794,Janette,Courtonne,jcourtonnem1@google.fr,Female,9.0.17.40
795,Frasier,Silvers,fsilversm2@miitbeian.gov.cn,Male,57.73.53.148
796,Jaime,Wormald,jwormaldm3@flavors.me,Female,43.251.110.171
797,Elladine,Tyt,etytm4@boston.com,Female,80.135.99.132
798,Carl,Temperley,ctemperleym5@msn.com,Male,99.193.149.186
799,Ellissa,Ping,epingm6@prlog.org,Female,98.152.166.93
800,Brendan,Hallewell,bhallewellm7@hexun.com,Male,52.64.155.169
801,Julissa,Tolliday,jtollidaym8@examiner.com,Female,12.180.234.10
802,Constance,Bareham,cbarehamm9@ycombinator.com,Female,182.218.87.115
803,Chad,Bowerbank,cbowerbankma@xinhuanet.com,Male,57.19.22.93
804,Tarrance,Fink,tfinkmb@t.co,Agender,162.130.64.179
805,Cristina,McMonies,cmcmoniesmc@sohu.com,Female,7.161.214.10
806,Geoffry,Kacheler,gkachelermd@gizmodo.com,Male,71.108.88.249
807,Alonzo,MacMeekan,amacmeekanme@marriott.com,Male,211.252.254.144
808,Carlie,Le Monnier,clemonniermf@amazonaws.com,Female,115.167.35.14
809,Hannah,Kinde,hkindemg@yale.edu,Female,9.33.42.54
810,Ivette,Truelock,itruelockmh@reference.com,Female,165.158.77.246
811,Timothee,Pollicote,tpollicotemi@dropbox.com,Male,97.109.243.226
812,Fonz,McGucken,fmcguckenmj@wikimedia.org,Male,32.99.56.1
813,Gretel,Poynzer,gpoynzermk@mayoclinic.com,Female,195.204.180.144
814,Sid,Rounds,sroundsml@bloomberg.com,Male,20.128.190.198
815,Eli,Le Sieur,elesieurmm@pbs.org,Male,73.18.229.34
816,Daloris,Atcheson,datchesonmn@friendfeed.com,Female,210.84.97.165
817,Sanford,Winn,swinnmo@odnoklassniki.ru,Male,133.45.133.184
818,Ethelind,Clemonts,eclemontsmp@behance.net,Female,152.233.128.75
819,Candace,Alflatt,calflattmq@comcast.net,Female,153.106.143.11
820,Fanny,Muslim,fmuslimmr@chron.com,Female,126.31.118.49
821,Judd,Birtwisle,jbirtwislems@php.net,Male,235.37.195.250
822,Mallissa,O'Haire,mohairemt@amazon.com,Female,226.94.143.173
823,Hy,Gaiger,hgaigermu@bizjournals.com,Male,56.58.58.169
824,Nola,Suddock,nsuddockmv@360.cn,Female,154.29.221.132
825,Tyne,Climpson,tclimpsonmw@rakuten.co.jp,Agender,43.48.66.233
826,Bill,Crier,bcriermx@sohu.com,Male,10.92.220.18
827,Corey,Scahill,cscahillmy@webeden.co.uk,Female,39.207.245.2
828,Smitty,Snipe,ssnipemz@ning.com,Male,63.40.117.239
829,Allie,Windridge,awindridgen0@usgs.gov,Female,196.58.135.165
830,Dominic,Bortolini,dbortolinin1@mtv.com,Male,110.128.53.210
831,Teodora,Filliskirk,tfilliskirkn2@tinypic.com,Female,11.239.200.56
832,Fayina,Lindl,flindln3@dyndns.org,Female,107.170.23.203
833,Jeanelle,Vinau,jvinaun4@marketwatch.com,Female,116.243.152.113
834,Cesaro,Fenwick,cfenwickn5@feedburner.com,Male,125.44.106.205
835,Karim,Zanotti,kzanottin6@dedecms.com,Male,33.192.16.191
836,Currey,Prydie,cprydien7@webnode.com,Male,147.54.222.41
837,Delphinia,Girodier,dgirodiern8@jimdo.com,Genderqueer,232.238.184.34
838,Davis,Klimkowski,dklimkowskin9@pcworld.com,Male,25.236.220.108
839,Toddie,Armell,tarmellna@moonfruit.com,Male,134.54.64.135
840,Devin,Bitterton,dbittertonnb@paypal.com,Male,163.57.229.136
841,Becky,Filasov,bfilasovnc@scientificamerican.com,Female,146.219.34.25
842,Fawnia,Beahan,fbeahannd@opensource.org,Female,99.36.111.93
843,Andreas,Kyme,akymene@nih.gov,Bigender,107.205.255.25
844,Elyse,Sutherby,esutherbynf@usda.gov,Polygender,67.211.3.254
845,Prince,Leftly,pleftlyng@blog.com,Male,208.192.83.111
846,Kirby,enzley,kenzleynh@lulu.com,Female,216.191.197.190
847,Legra,Dinneen,ldinneenni@pcworld.com,Female,56.143.183.204
848,Vonny,Gulliford,vgullifordnj@harvard.edu,Female,171.191.196.38
849,Kerry,Vignal,kvignalnk@paginegialle.it,Male,105.254.144.89
850,Cacilia,Ratledge,cratledgenl@de.vu,Female,47.237.224.143
851,Dayna,Mack,dmacknm@google.com.au,Female,40.51.254.190
852,Tito,McAreavey,tmcareaveynn@ehow.com,Male,158.214.58.117
853,Wilmer,William,wwilliamno@fastcompany.com,Male,133.72.145.245
854,Guillermo,Marlow,gmarlownp@discuz.net,Male,142.200.200.133
855,Neysa,Larcher,nlarchernq@spotify.com,Genderqueer,81.117.26.13
856,Irena,Henker,ihenkernr@squarespace.com,Female,118.125.54.24
857,Barrett,Guice,bguicens@businessweek.com,Non-binary,40.127.229.28
858,Donia,Roly,drolynt@miitbeian.gov.cn,Female,59.67.101.156
859,Elianora,Bristoe,ebristoenu@imdb.com,Female,249.70.77.170
860,Georges,Fahey,gfaheynv@technorati.com,Male,192.29.238.183
861,Charissa,Scotney,cscotneynw@mapquest.com,Female,215.0.204.105
862,Nikos,Ropars,nroparsnx@bbc.co.uk,Male,85.77.196.12
863,Magda,Fidock,mfidockny@github.com,Female,138.21.248.154
864,Marijo,Davydenko,mdavydenkonz@dion.ne.jp,Female,214.14.141.78
865,Selle,Droghan,sdroghano0@w3.org,Female,193.97.109.248
866,Meggi,Verheijden,mverheijdeno1@wikipedia.org,Female,223.161.230.89
867,Maryjane,Skerritt,mskerritto2@wikimedia.org,Female,79.68.10.6
868,Reidar,Taplow,rtaplowo3@sohu.com,Male,23.168.222.155
869,Sebastiano,Stearnes,sstearneso4@histats.com,Male,120.22.3.233
870,Milty,Foresight,mforesighto5@artisteer.com,Male,225.179.222.9
871,Celie,Virgo,cvirgoo6@google.nl,Polygender,232.180.44.234
872,Lara,Duxbury,lduxburyo7@acquirethisname.com,Female,206.189.234.61
873,Rianon,Bane,rbaneo8@lulu.com,Female,193.104.108.151
874,Saunders,Abley,sableyo9@cnn.com,Male,187.90.233.231
875,Osmund,Marians,omariansoa@ebay.com,Male,145.67.8.219
876,Nina,Sunnucks,nsunnucksob@nature.com,Female,33.67.136.226
877,Latia,Upstell,lupstelloc@g.co,Bigender,71.177.176.147
878,Ezekiel,Lanceley,elanceleyod@yahoo.co.jp,Bigender,115.57.38.7
879,Liam,Squier,lsquieroe@google.com.au,Male,62.102.227.254
880,Tami,Langman,tlangmanof@weebly.com,Female,189.187.71.211
881,Tiler,McArtan,tmcartanog@youku.com,Male,70.47.174.118
882,Rodi,Syres,rsyresoh@fc2.com,Non-binary,9.41.60.145
883,Martino,Spaule,mspauleoi@shutterfly.com,Male,167.84.190.244
884,Arlinda,Applegarth,aapplegarthoj@amazon.de,Female,239.153.82.34
885,Jacquelyn,Mattiessen,jmattiessenok@mashable.com,Female,16.49.158.188
886,Zitella,Brandone,zbrandoneol@washington.edu,Female,125.158.143.247
887,Jackquelin,Lapides,jlapidesom@cocolog-nifty.com,Female,30.177.79.135
888,Hyacinth,Peeter,hpeeteron@symantec.com,Female,44.210.112.157
889,Anatol,Velez,avelezoo@elpais.com,Male,218.203.252.179
890,Kimball,Swetmore,kswetmoreop@symantec.com,Male,246.25.87.241
891,Cornela,Willavize,cwillavizeoq@mediafire.com,Non-binary,163.253.255.6
892,Frazer,Serjeant,fserjeantor@who.int,Male,152.39.175.9
893,Rollins,Koppelmann,rkoppelmannos@tiny.cc,Male,197.187.84.56
894,Hermy,List,hlistot@hud.gov,Male,52.168.56.131
895,Vonnie,Heymes,vheymesou@salon.com,Female,127.6.75.158
896,Carter,Emslie,cemslieov@storify.com,Male,178.1.246.166
897,Cristina,Lummus,clummusow@pcworld.com,Female,199.245.168.223
898,Kerry,Wybron,kwybronox@boston.com,Male,90.209.95.108
899,Merry,Lourens,mlourensoy@dell.com,Female,103.62.26.70
900,Rafaelia,Kinavan,rkinavanoz@dyndns.org,Polygender,117.46.80.158
901,Kitti,Cussons,kcussonsp0@etsy.com,Female,103.49.251.63
902,Martina,Shoutt,mshouttp1@ftc.gov,Female,76.62.125.36
903,Rebeka,Leas,rleasp2@blogs.com,Female,195.47.137.205
904,Neale,Ciccoloi,nciccoloip3@youtube.com,Male,44.0.63.141
905,Noach,Crow,ncrowp4@stanford.edu,Male,34.37.233.171
906,Web,Croan,wcroanp5@dion.ne.jp,Male,169.92.54.25
907,Barbabas,Rummings,brummingsp6@sina.com.cn,Male,20.58.237.34
908,Kermie,McCullock,kmccullockp7@google.co.uk,Male,96.199.114.28
909,Selby,Hulburd,shulburdp8@cloudflare.com,Male,70.218.159.253
910,Jaclyn,Loos,jloosp9@unesco.org,Female,214.2.8.50
911,Di,Jeffcoat,djeffcoatpa@domainmarket.com,Female,139.255.13.205
912,Charita,Urion,curionpb@sbwire.com,Female,188.185.49.148
913,Linc,Rittmeier,lrittmeierpc@boston.com,Male,51.149.107.124
914,Tammy,Knyvett,tknyvettpd@bbb.org,Male,176.114.158.79
915,Cindi,Niesing,cniesingpe@ovh.net,Female,251.245.106.102
916,Elliott,Sumnall,esumnallpf@hud.gov,Male,150.178.70.177
917,Bearnard,de Copeman,bdecopemanpg@delicious.com,Male,148.182.146.75
918,Brittney,Pinsent,bpinsentph@pinterest.com,Female,110.49.0.158
919,Shellysheldon,Olorenshaw,solorenshawpi@mlb.com,Male,54.217.128.137
920,Esme,Cardenas,ecardenaspj@nationalgeographic.com,Male,179.65.107.7
921,Annora,Flavelle,aflavellepk@homestead.com,Female,218.21.221.152
922,Devon,Tooley,dtooleypl@rambler.ru,Agender,26.147.134.147
923,Wolf,Metzel,wmetzelpm@xing.com,Male,202.190.20.30
924,Noni,Simms,nsimmspn@uiuc.edu,Female,128.239.214.214
925,Emylee,Jacob,ejacobpo@de.vu,Female,239.25.38.113
926,Wandie,Cosby,wcosbypp@reference.com,Female,101.132.173.203
927,Bald,Gotfrey,bgotfreypq@chronoengine.com,Male,223.134.35.159
928,Boigie,Gittus,bgittuspr@printfriendly.com,Male,173.4.225.166
929,Alanson,Fasson,afassonps@google.co.uk,Male,169.107.246.213
930,Rafe,Grimble,rgrimblept@ow.ly,Male,50.38.82.171
931,Brigitte,McGavigan,bmcgaviganpu@geocities.jp,Female,240.31.183.59
932,Early,Posselwhite,eposselwhitepv@angelfire.com,Male,171.102.108.2
933,Eustacia,Gonzalez,egonzalezpw@exblog.jp,Female,233.204.191.63
934,Casie,Hart,chartpx@ucoz.com,Female,239.210.132.93
935,Harriette,Aitken,haitkenpy@bbb.org,Female,139.201.96.195
936,Delbert,Schooling,dschoolingpz@amazon.co.jp,Male,128.162.31.148
937,Morgen,Leggate,mleggateq0@aol.com,Genderqueer,233.32.158.125
938,Sydney,Midden,smiddenq1@phpbb.com,Female,207.124.243.86
939,Chaunce,Coffin,ccoffinq2@oakley.com,Male,232.253.157.89
940,Griswold,Piens,gpiensq3@angelfire.com,Male,163.97.219.11
941,Derk,Cristofaro,dcristofaroq4@goo.gl,Male,224.26.63.169
942,Siobhan,Snasdell,ssnasdellq5@google.co.uk,Female,222.187.193.73
943,Meridel,Gillivrie,mgillivrieq6@buzzfeed.com,Female,78.216.133.218
944,Odessa,Corselles,ocorsellesq7@va.gov,Female,168.71.236.98
945,Tailor,Courtonne,tcourtonneq8@cpanel.net,Male,144.173.11.34
946,Howard,Torrent,htorrentq9@cpanel.net,Male,65.60.24.196
947,Pavla,Thomesson,pthomessonqa@w3.org,Female,209.12.131.77
948,Pegeen,Kleewein,pkleeweinqb@bizjournals.com,Female,107.179.254.42
949,Orran,MacLucais,omaclucaisqc@usda.gov,Male,41.38.22.236
950,Teddie,Dinsey,tdinseyqd@blogs.com,Male,173.153.95.250
951,Standford,Morfey,smorfeyqe@list-manage.com,Male,19.187.208.73
952,Sigismundo,Wixon,swixonqf@ifeng.com,Male,0.118.119.23
953,Damaris,Hoonahan,dhoonahanqg@usnews.com,Genderqueer,202.115.255.121
954,Town,Bowne,tbowneqh@google.co.uk,Male,222.201.212.50
955,Beniamino,Klimushev,bklimushevqi@t.co,Male,147.81.99.233
956,Mikol,Leffek,mleffekqj@discuz.net,Male,29.49.102.193
957,Tann,Beavers,tbeaversqk@360.cn,Male,247.230.74.6
958,Koo,Bunworth,kbunworthql@telegraph.co.uk,Female,151.145.219.45
959,Riane,Turnell,rturnellqm@purevolume.com,Genderqueer,31.35.197.211
960,Stephani,Trotter,strotterqn@usa.gov,Female,104.56.25.217
961,Phebe,Lombard,plombardqo@thetimes.co.uk,Female,87.28.30.41
962,Caro,Bachnic,cbachnicqp@nbcnews.com,Female,246.216.10.23
963,Kylie,Corradeschi,kcorradeschiqq@mtv.com,Female,5.203.211.201
964,Kass,Sandeson,ksandesonqr@bbb.org,Agender,62.82.172.5
965,Tracee,Suff,tsuffqs@nifty.com,Female,200.163.161.112
966,Hiram,MacLise,hmacliseqt@fotki.com,Male,105.235.18.0
967,Marja,Louthe,mlouthequ@sakura.ne.jp,Female,163.62.26.119
968,Nilson,Kuzma,nkuzmaqv@walmart.com,Male,173.204.27.20
969,Kinny,Hebbard,khebbardqw@webmd.com,Male,251.135.246.221
970,Carver,O'Hanley,cohanleyqx@lulu.com,Male,248.196.50.22
971,Tiena,Strelitz,tstrelitzqy@ezinearticles.com,Genderfluid,236.224.44.18
972,Melamie,McCleverty,mmcclevertyqz@prnewswire.com,Female,253.133.84.3
973,Vaclav,Petrasch,vpetraschr0@soup.io,Male,152.168.52.42
974,Adan,Brumble,abrumbler1@xrea.com,Female,94.255.70.33
975,Maye,Yakebovich,myakebovichr2@hexun.com,Female,46.72.9.90
976,Molly,Rodolf,mrodolfr3@ebay.com,Female,164.193.26.77
977,Frederik,Garett,fgarettr4@networkadvertising.org,Male,220.85.130.178
978,Analiese,Druce,adrucer5@berkeley.edu,Non-binary,200.77.92.198
979,Tara,Vassano,tvassanor6@jigsy.com,Female,118.235.250.195
980,Angelika,Semens,asemensr7@businessweek.com,Female,223.22.216.30
981,Emlynne,Wayne,ewayner8@accuweather.com,Female,35.184.55.70
982,Urbain,Bellefonte,ubellefonter9@who.int,Male,130.129.33.21
983,Joete,Boat,jboatra@pcworld.com,Agender,112.89.230.213
984,Tess,Baseley,tbaseleyrb@networksolutions.com,Female,224.218.128.36
985,Cristian,Shorland,cshorlandrc@flavors.me,Male,13.205.177.131
986,Thorndike,Schoular,tschoularrd@twitpic.com,Agender,70.136.77.155
987,Jedediah,Stang-Gjertsen,jstanggjertsenre@ow.ly,Male,244.213.145.74
988,Kendricks,Primrose,kprimroserf@aboutads.info,Genderqueer,119.174.64.226
989,Letti,Vockings,lvockingsrg@drupal.org,Female,32.87.252.36
990,Carly,Hischke,chischkerh@elpais.com,Male,211.6.47.97
991,Corrie,Walisiak,cwalisiakri@yahoo.co.jp,Male,151.104.255.161
992,Glenden,Cicculi,gcicculirj@surveymonkey.com,Male,50.216.161.157
993,Ryan,Chesnut,rchesnutrk@slashdot.org,Agender,170.128.178.151
994,Hyacinth,Tranckle,htrancklerl@mozilla.org,Female,251.212.204.199
995,Noelani,Izzatt,nizzattrm@naver.com,Female,173.232.117.200
996,Minda,Dessent,mdessentrn@un.org,Female,60.93.223.18
997,Kippie,Whinney,kwhinneyro@yahoo.co.jp,Female,132.167.206.56
998,Lorraine,Coskerry,lcoskerryrp@biglobe.ne.jp,Female,44.153.232.219
999,Malachi,Balf,mbalfrq@dell.com,Male,38.156.240.107
1000,Aretha,Jellico,ajellicorr@cloudflare.com,Female,174.170.31.217
